UUID,Used
c5bce9c2-8341-4cce-8d9c-dc5d0949538d,False
f040e523-07ae-413a-91d5-0dc101961532,False
0ee32bc0-b222-460c-975d-9cc8be594ecc,False
38fe162e-9d2e-41a3-8d53-9fb8c302d9b2,False
f7773838-e4db-4cbd-9810-92c5d27a6629,False
5528ca70-50c2-48d3-a94b-2c679020c9ee,False
0c1b2e5f-4d23-442e-b4e8-1a7eb099795b,False
f249fd1e-822c-442e-a63f-d72c1d772b28,False
45124447-74f6-4d3c-9ed5-b8a63d74eeca,False
e6ed6340-3636-4bc1-9c24-e29814812b75,False
6d71c524-2079-4848-b81a-7b2d0028696f,False
14eca827-9ab6-4b07-82b4-15f41d75118d,False
d5202638-81b1-4978-841b-202658edfb36,False
6bd04a4a-69d1-46eb-9dbc-49bbe179909b,False
fe4a221f-ac29-45ce-97e3-1a24ade045cb,False
70b15caa-ed5d-48db-8cae-537b9725fa85,False
6a339618-bac3-46e1-b794-45c154765c24,False
7e04ca6c-9427-4d60-a9e9-141fbeb0fbc9,False
22d865ae-bd80-44b1-b558-3044ae6f7c49,False
706f9aa9-c789-4fc7-8888-e5e409bd42af,False
7537d88b-e0c2-4e60-a85e-003295812e33,False
6490733f-6e5a-4b71-a93f-281dd314aa87,False
b8e93db2-d7d8-48cc-be40-16fe2357d07e,False
55693380-3960-46bc-9aee-9bcd982ee1d5,False
754e4225-10cb-4208-a311-1400edcd41d9,False
64d1aa5a-c03e-40be-a477-543664db51bd,False
835bd94b-d437-4cf3-be51-e75275d54bcd,False
1ad8faf9-8ddf-4d80-ba11-104fb1e74d51,False
256faa4e-487c-4a69-b2dd-b11da887c7bc,False
94f18daa-3769-4d46-aedc-bd170d6b8919,False
d9c683ca-fca5-4e44-9428-62e5e25954fe,False
107f6569-be99-4464-9220-599d5f1932b1,False
c2938c0e-601f-46ae-8006-de0e0ad48796,False
fea4d770-5f67-4a8e-8931-64968d8d5d28,False
5a4679c4-66aa-4773-b1a3-ea489437063a,False
9836f9f7-4d60-46c4-93eb-eec96668c226,False
d72ed3a3-7479-4024-9bd0-e65a4a514587,False
872fa449-dfd4-4360-8190-d01e8834683d,False
1f085bb3-4aee-4cda-a933-213f865c3744,False
7382fdf1-39be-4c79-b767-14951f66e9ba,False
601a43c2-b825-471b-959c-126a10841659,False
70f11005-0d16-41c1-81cf-78b25f4e1fc7,False
ef92f756-c4d8-4122-b6c5-a764fb1444f4,False
7f1f672b-d3a5-4875-b4ba-20e5d863c684,False
98889f08-5ace-43f6-80e7-b3fc2f0102b1,False
ee0b8723-6c38-4f4d-83be-6ba6c524d296,False
a70d6a1a-6f4f-40ae-87ad-a321bc8d915c,False
2f539dcc-04e1-4ac1-8552-922349624d95,False
aea78f03-2406-482a-b7fd-e1e292c928e3,False
7493b4f1-bae0-4f5b-b953-961669f320c0,False
b275c0d0-ae3f-453a-a9eb-81deccca4f7b,False
bd0d86d9-746f-4a46-802d-f99ad7e40032,False
66e1ff60-958c-4c37-9007-543a292b7f54,False
296a91fb-62c5-4617-9e9d-931d009e79e2,False
e1861479-ae9b-4b8e-ab4a-f62a49732c09,False
2c4541b7-68e6-49aa-b2ee-40a529d6e365,False
4ad6793c-890c-43d7-99bb-40c795147d34,False
9bb7d569-5570-48d0-b6e4-ada51a11bcf3,False
9a8a1f50-e70b-43a4-a29e-80afc2a30522,False
272966d2-96f0-4427-b8c8-9342ad6992ef,False
141f0dc4-0f90-4d2f-adcc-97c723f3eb9e,False
9d99d73c-5deb-4fe6-9aa3-221fc546ed85,False
64aa7c1c-ef94-4ee6-bdb3-fc318cfc4a4a,False
ae250399-8ec7-4c5f-b2c1-6bc1113f917a,False
34ae2cf1-1efb-47fb-b968-131dc282cf91,False
7b4dbafd-2a86-4654-a72c-6e3acf190e0f,False
f8a21adb-be97-4b49-98fd-4d81c271f350,False
48009f41-0903-401a-b317-bdbeab924217,False
0de2d9d4-ca92-48a2-9f61-010834b2fdb2,False
09723194-9041-4b65-9668-e5837b6c1103,False
3d1d2a67-092f-477d-aa22-361b23ff955e,False
88cdcdde-572d-4c34-9616-096488a17e5b,False
051f28bb-4aae-4090-ae08-aa3fe980d85e,False
077921e5-dc25-4302-be7d-7e23442c6ecc,False
fe11833b-4009-4526-928f-9fbfff307f81,False
d071eb33-ece3-4926-bccd-27ae08bad432,False
37ac4870-0094-49bf-8e86-2c864242a337,False
3194aeeb-38b9-4087-9090-0bc2d93533ee,False
f4ded5cb-ee4e-47c1-9800-58ff790419b4,False
5cf10a54-e9e5-431f-9112-d074e5f571c2,False
fe8e7043-4510-44ac-bfd7-a6025be532bc,False
6b45da30-1b17-4ba2-9efd-8b84947e7bcc,False
462857a9-08ce-4f1a-9b0c-73cfeaab8dd6,False
3f10bef4-efa8-4d22-a858-fba1d879998a,False
d3932a95-403b-473e-9629-2c1e2e0b49fc,False
81e1b3b8-e22c-4b93-9754-0ce0e632238c,False
bb901877-1e69-4d50-8b50-aedbfa7e629a,False
80a69338-3ec6-437a-875f-8f2509d3907d,False
21ed50b7-45f7-4c2a-9e78-280ce7de5ad7,False
91638850-522f-4752-be79-fd39709198df,False
a2121186-8c51-4ffe-a3e4-6b905c01b989,False
aab1ae82-7f85-4f3b-8ac9-621eaaa9c6a6,False
69a5ed45-05ac-44d9-8e1d-ad9e5dd0bfe4,False
38349a77-5589-4262-b7b2-1693e8dfcebc,False
44038b53-d0bd-4914-8229-213f0d858713,False
cf1f7049-ef8d-4d51-8969-d5e38ea6b1c0,False
faa652d7-d0ad-4060-9959-3eb770bb709b,False
4bcdbb4e-dc41-41b7-bee5-3e98fa3bbf9e,False
f0a5f806-be10-4081-a79e-28a5cc8e8f0b,False
14e4701d-9183-4c2d-8982-972ddbb3cbf0,False
48495eb2-1c41-4616-8d67-abcc3417e9ab,False
3b5234fa-770a-4596-aa4c-be66530a787c,False
12a6e8fc-45e0-42c0-ab6f-a668494e4e71,False
473368b9-5d12-4d99-96c2-a85d242a4757,False
9f4bd069-6b88-4f72-bfc0-ba40c4255be4,False
6d19a205-6949-42e9-af26-e7e0d0bf8cb9,False
e370848b-1e8e-442e-879f-fd3025c63af2,False
8020ef5d-8e3f-434d-8746-54199d73be51,False
1fe532d8-e679-4a55-9e22-806804a0a11c,False
1fbd3353-4f46-4132-8be2-e89ac0e5f7ff,False
1aff8a5c-c340-4664-a500-b60896058a76,False
8750e7bf-fd46-4167-b539-9def0e2dfd98,False
a000a62b-36e0-41f5-9190-353ec1eb8223,False
d326833f-5495-466b-ba7f-74b460761d06,False
719e46f2-7cd9-4a4a-a83a-d8cc095b5390,False
447eee92-e31e-4826-94a0-dc611d42b907,False
5a884b56-6a79-40b8-ad97-130cf7b62dbb,False
0b0307bd-4379-4455-b889-9b9f92b676c3,False
7cf66ade-6c57-4f93-9f08-d00e67e77c8c,False
cc50a018-32c8-43b8-b4f1-1b2caade7362,False
1cbea19c-4340-48e9-90c0-dcc082731f8a,False
cdc2ad17-d257-4fc1-a4f9-e946d7bdb8e5,False
036d01b2-6677-4a20-83a6-cdd3608afc2d,False
2fca225f-a4e8-499a-a25f-e4933ee5fbe6,False
d4a5ef1d-b742-4cae-806e-7f2d2e0c8b48,False
ba129739-fd07-413a-8201-57730e15d767,False
c224a959-3357-4612-953a-df9b3f5d2fd3,False
daa4da39-bb84-4012-8b45-b4e97f078f22,False
a6b1707a-fcc1-49e4-b650-efb15ed2e9cf,False
dbf42cfd-842f-491f-b091-d038969d55e4,False
f9060c8e-600a-4f20-a87a-7c217ae0d084,False
b64eebb7-ccd5-498f-b032-df6af9af6d3b,False
d4dc95b0-b164-4848-8c93-73b3d2977cc9,False
3d08c0ae-ab81-45a6-9937-73710614c7e0,False
1198d18d-43b4-437b-b9ad-39b30927d7c3,False
62c2a493-88db-434c-ad3b-935f0a82fe4a,False
761c11f5-20e8-43ea-b7a4-371499c283b0,False
6bd84514-0a19-477d-ace6-b41261cca69d,False
d42dc9f2-641a-4432-972c-057cee157bf5,False
c8a624e0-adf5-44c6-a616-45d646086fee,False
6a0b36a0-f347-431f-833a-eef9e38c0677,False
41ba40ec-6126-4a86-9336-12645ffdd455,False
b8524bf8-d5a7-4096-a81f-bf2a048f843b,False
87978b4c-2012-44b5-b820-34b30558f3f7,False
fc900c87-ed74-401a-8d00-c4c518274a70,False
235dadf4-9b35-4ea3-a59d-812eb134a48e,False
d9f1d82b-5543-466e-9894-ad4fb2ebb220,False
f450d256-2686-4e01-8cd2-d7f0584ff02e,False
365719a4-cf08-4969-8bea-e5fa88c6eb48,False
3e7d8fe5-f182-4409-8bc2-92771f3850a9,False
